{"cameraMode":{"drawMode":0,"name":"Shaded","section":"Shading Mode"},"sceneLighting":true,"audioPlay":false,"sceneViewState":{"showFog":true,"showMaterialUpdate":false,"showSkybox":true,"showFlares":true,"showImageEffects":true,"showParticleSystems":true},"in2DMode":false,"pivot":{"x":4.486349582672119,"y":-0.5518560409545898,"z":-1.4273467063903809},"rotation":{"x":0.39277371764183047,"y":-0.5368725657463074,"z":0.3105267882347107,"w":0.67903733253479},"size":6.389979362487793,"orthographic":false}